row_id,order_id,order_date,ship_date,ship_mode,customer_id,customer_name,segment,country,city
1,ORD001,2025-01-01,2025-01-02,First Class,C001,John Doe,Consumer,India,Pune
2,ORD002,2025-01-03,2025-01-04,Same Day,C002,Jane Smith,Corporate,India,Mumbai
3,ORD003,2025-01-05,2025-01-06,Second Class,C003,Alice Brown,Consumer,India,Delhi
4,ORD004,2025-01-07,2025-01-08,Standard Class,C004,Bob White,Home Office,India,Bangalore
5,ORD005,2025-01-09,2025-01-10,First Class,C005,Charlie Green,Consumer,India,Chennai
6,ORD006,2025-01-11,2025-01-12,Express,C006,David Black,Consumer,India,Hyderabad
7,ORD007,2025-01-15,2025-01-10,First Class,C007,Eva Wilson,Corporate,India,Kolkata
8,ORD008,bad-date,2025-01-18,Same Day,C008,Fred Jones,Consumer,India,Ahmedabad
9,ORD009,2025-01-19,bad-date,First Class,C009,Grace Taylor,Consumer,India,Jaipur
10,ORD010,2025-01-20,2025-01-21,First Class,,Henry Moore,Consumer,India,Pune
11,ORD011,2025-01-22,2025-01-23,First Class,C011,,Consumer,India,Mumbai
12,ORD012,2025-01-24,2025-01-25,First Class,C012,Susan Hall,,India,Delhi
13,ORD013,2025-01-26,2025-01-27,First Class,C013,Mark Allen,Consumer,,Bangalore
14,ORD014,2025-01-28,2025-01-29,First Class,C014,Nancy Scott,Consumer,India,
15,ORD015,2025-01-30,2025-01-31,First Class,C015,Tom Walker,Consumer,India,Pune
15,ORD016,2025-02-01,2025-02-02,First Class,C016,Lisa Young,Consumer,India,Mumbai
17,ORD017,2025-02-03,2025-02-04,First Class,C017,Jack King,Consumer,India,Delhi
18,ORD017,2025-02-05,2025-02-06,First Class,C018,Sara Wright,Consumer,India,Bangalore